Company,TickerSymbol,Date,TotalAssets,TotalCurrentLiabilities,TotalLiabilities,MarketCap
Salesforce,CRM,1/31/2015,10 665,4 390,6 690,36 726
Salesforce,CRM,4/30/2015,10 366,3 961,6 130,47 770
Salesforce,CRM,7/31/2015,10 794,4 113,6 258,48 378
Salesforce,CRM,10/31/2015,10 912,3 977,6 162,51 599
Salesforce,CRM,1/31/2016,12 763,5 617,7 760,45 663
Salesforce,CRM,4/30/2016,12 817,5 085,7 233,51 355
Salesforce,CRM,7/31/2016,14 381,5 376,8 249,56 033
Salesforce,CRM,10/31/2016,14 388,4 976,7 582,52 364
Salesforce,CRM,1/31/2017,17 585,7 295,10 085,55 960
Salesforce,CRM,4/30/2017,17 059,7 626,9 124,61 335
Salesforce,CRM,7/31/2017,17 419,7 526,8 950,65 258
Salesforce,CRM,10/31/2017,17 490,7 216,8 650,73 920
Salesforce,CRM,1/31/2018,21 984,10 067,11 608,83 138
Salesforce,CRM,4/30/2018,22 963,7 895,11 903,88 795
Salesforce,CRM,7/31/2018,25 823,8 469,12 295,103 781
Salesforce,CRM,10/31/2018,26 588,8 022,11 895,104 989
Salesforce,CRM,1/31/2019,30 737,11 255,15 132,117 017
Salesforce,CRM,4/30/2019,33 154,10 488,16 708,128 146
Salesforce,CRM,7/31/2019,33 336,10 195,16 170,120 510
Salesforce,CRM,10/31/2019,49 942,10 474,16 663,138 650
Salesforce,CRM,1/31/2020,55 126,14 845,21 241,162 803
Salesforce,CRM,4/30/2020,53 623,12 843,19 058,145 593
Salesforce,CRM,7/31/2020,57 780,12 963,19 340,176 924
Salesforce,CRM,10/31/2020,59 136,12 234,18 826,212 295
Salesforce,CRM,1/31/2021,66 301,17 728,24 808,207 290
Salesforce,CRM,4/30/2021,64 885,15 323,22 318,213 046
Salesforce,CRM,7/31/2021,88 658,17 393,33 138,236 608
Salesforce,CRM,10/31/2021,87 436,15 035,30 382,294 895
Salesforce,CRM,1/31/2022,95 209,21 788,37 078,230 071
Salesforce,CRM,4/30/2022,93 022,19 899,34 146,174 884
Salesforce,CRM,7/31/2022,94 148,20 080,34 050,183 836
Salesforce,CRM,10/31/2022,91 884,18 227,32 533,161 127
Salesforce,CRM,1/31/2023,98 849,25 891,40 490,164 779
Salesforce,CRM,4/30/2023,93 541,21 626,36 129,193 807
Salesforce,CRM,7/31/2023,92 447,20 805,34 365,219 385
Salesforce,CRM,10/31/2023,91 022,19 394,32 932,194 604
Salesforce,CRM,1/31/2024,99 823,26 631,40 177,272 938
Salesforce,CRM,4/30/2024,96 180,23 149,36 497,261 141
Salesforce,CRM,7/31/2024,92 180,21 001,34 547,247 930
Salesforce,CRM,10/31/2024,91 395,19 375,32 870,278 550
Salesforce,CRM,1/31/2025,102 928,27 980,41 755,328 715
Salesforce,CRM,4/30/2025,98 610,24 196,37 944,257 424
Salesforce,CRM,7/31/2025,97 573,22 532,36 245,246 705
Salesforce,CRM,10/31/2025,95 144,21 410,35 123,247 910
Salesforce,CRM,1/31/2026,112 305,37 118,53 163,197 217
Netflix,NFLX,6/30/2015,9 655,3 220,7 623,39 980
Netflix,NFLX,9/30/2015,9 916,3 341,7 749,44 132
Netflix,NFLX,12/31/2015,10 203,3 530,7 979,48 948
Netflix,NFLX,3/31/2016,11 262,3 934,8 945,43 784
Netflix,NFLX,6/30/2016,11 594,4 052,9 178,39 220
Netflix,NFLX,9/30/2016,12 347,4 411,9 818,42 292
Netflix,NFLX,12/31/2016,13 587,4 587,10 907,53 241
Netflix,NFLX,3/31/2017,14 359,4 911,11 385,63 705
Netflix,NFLX,6/30/2017,16 517,5 123,13 405,64 508
Netflix,NFLX,9/30/2017,16 952,5 311,13 624,78 476
Netflix,NFLX,12/31/2017,19 013,5 466,15 431,83 194
Netflix,NFLX,3/31/2018,20 153,6 006,16 132,128 376
Netflix,NFLX,6/30/2018,22 664,6 080,18 167,170 451
Netflix,NFLX,9/30/2018,23 366,6 298,18 357,163 152
Netflix,NFLX,12/31/2018,25 974,6 487,20 736,116 860
Netflix,NFLX,3/31/2019,27 219,6 858,21 516,155 885
Netflix,NFLX,6/30/2019,30 171,6 934,24 066,160 826
Netflix,NFLX,9/30/2019,30 942,7 258,24 080,117 285
Netflix,NFLX,12/31/2019,33 976,6 856,26 394,141 985
Netflix,NFLX,3/31/2020,35 060,7 854,26 651,165 138
Netflix,NFLX,6/30/2020,37 175,7 626,27 841,200 680
Netflix,NFLX,9/30/2020,38 623,7 940,28 289,220 911
Netflix,NFLX,12/31/2020,39 280,7 806,28 215,239 486
Netflix,NFLX,3/31/2021,40 123,7 962,27 239,231 296
Netflix,NFLX,6/30/2021,40 971,7 833,27 107,233 784
Netflix,NFLX,9/30/2021,42 740,8 049,27 425,270 351
Netflix,NFLX,12/31/2021,44 585,8 489,28 735,267 460
Netflix,NFLX,3/31/2022,45 331,7 740,27 787,166 421
Netflix,NFLX,6/30/2022,46 351,7 500,27 275,77 766
Netflix,NFLX,9/30/2022,47 562,7 766,27 034,104 776
Netflix,NFLX,12/31/2022,48 595,7 931,27 817,131 324
Netflix,NFLX,3/31/2023,49 490,8 316,27 662,153 579
Netflix,NFLX,6/30/2023,50 818,8 676,27 985,195 202
Netflix,NFLX,9/30/2023,49 502,8 339,27 394,165 268
Netflix,NFLX,12/31/2023,48 732,8 861,28 144,210 702
Netflix,NFLX,3/31/2024,48 828,9 289,27 462,261 738
Netflix,NFLX,6/30/2024,49 099,10 140,26 986,289 635
Netflix,NFLX,9/30/2024,52 282,10 707,29 561,303 183
Netflix,NFLX,12/31/2024,53 630,10 755,28 887,381 268
Netflix,NFLX,3/31/2025,52 088,9 719,28 060,396 962
Netflix,NFLX,6/30/2025,53 100,8 942,28 148,569 032
Netflix,NFLX,9/30/2025,54 935,9 732,28 981,508 021
Netflix,NFLX,12/31/2025,55 597,10 981,28 982,395 870
Netflix,NFLX,3/31/2026,61 016,12 132,29 890,405 060
Tesla,TSLA,6/30/2015,6 468,2 384,5 702,34 089
Tesla,TSLA,9/30/2015,7 548,2 554,6 187,32 516
Tesla,TSLA,12/31/2015,7 287,1 193,5 553,31 542
Tesla,TSLA,3/31/2016,9 192,3 188,8 179,30 761
Tesla,TSLA,6/30/2016,11 869,3 766,9 312,31 416
Tesla,TSLA,9/30/2016,12 592,4 082,9 901,30 564
Tesla,TSLA,12/31/2016,22 664,5 827,16 750,34 534
Tesla,TSLA,3/31/2017,25 054,6 245,18 885,45 679
Tesla,TSLA,6/30/2017,26 044,6 546,19 460,60 346
Tesla,TSLA,9/30/2017,28 107,6 469,21 929,57 311
Tesla,TSLA,12/31/2017,28 655,7 675,23 023,52 563
Tesla,TSLA,3/31/2018,27 271,8 650,21 551,45 171
Tesla,TSLA,6/30/2018,27 910,9 141,22 643,58 470
Tesla,TSLA,9/30/2018,29 263,9 775,23 409,45 425
Tesla,TSLA,12/31/2018,29 740,9 993,23 427,57 451
Tesla,TSLA,3/31/2019,28 913,9 243,22 875,48 614
Tesla,TSLA,6/30/2019,31 873,9 589,24 722,40 033
Tesla,TSLA,9/30/2019,32 795,10 146,25 313,43 410
Tesla,TSLA,12/31/2019,34 309,10 667,26 199,75 721
Tesla,TSLA,3/31/2020,37 250,11 986,26 518,97 140
Tesla,TSLA,6/30/2020,38 135,12 270,26 754,201 284
Tesla,TSLA,9/30/2020,45 691,13 302,28 143,406 692
Tesla,TSLA,12/31/2020,52 148,14 248,28 418,677 198
Tesla,TSLA,3/31/2021,52 972,14 877,28 507,643 207
Tesla,TSLA,6/30/2021,55 146,16 371,28 896,668 835
Tesla,TSLA,9/30/2021,57 834,18 051,29 340,778 830
Tesla,TSLA,12/31/2021,62 131,19 705,30 548,1 091 650
Tesla,TSLA,3/31/2022,66 038,21 455,30 632,1 116 390
Tesla,TSLA,6/30/2022,68 513,21 821,30 855,700 795
Tesla,TSLA,9/30/2022,74 426,24 611,33 302,837 660
Tesla,TSLA,12/31/2022,82 338,26 709,36 440,389 742
Tesla,TSLA,3/31/2023,86 833,27 436,37 598,657 441
Tesla,TSLA,6/30/2023,90 591,27 592,38 409,830 858
Tesla,TSLA,9/30/2023,93 941,26 640,39 446,795 449
Tesla,TSLA,12/31/2023,106 618,28 748,43 009,791 409
Tesla,TSLA,3/31/2024,109 226,29 453,44 046,560 594
Tesla,TSLA,6/30/2024,112 832,27 729,45 569,632 029
Tesla,TSLA,9/30/2024,119 852,30 577,49 142,839 047
Tesla,TSLA,12/31/2024,122 070,28 821,48 390,1 298 750
Tesla,TSLA,3/31/2025,125 111,29 753,49 693,834 495
Tesla,TSLA,6/30/2025,128 567,30 008,50 495,1 023 170
Tesla,TSLA,9/30/2025,133 735,31 290,53 019,1 478 250
Tesla,TSLA,12/31/2025,137 806,31 714,54 941,1 687 440
Tesla,TSLA,3/31/2026,143 724,34 138,58 922,1 395 920
Google,GOOGL,3/31/2015,133 400,14 336,24 952,372 962
Google,GOOGL,6/30/2015,138 807,17 362,27 024,356 866
Google,GOOGL,9/30/2015,144 281,18 457,28 040,418 392
Google,GOOGL,12/31/2015,147 461,19 310,27 130,521 560
Google,GOOGL,3/31/2016,149 747,17 684,26 178,511 660
Google,GOOGL,6/30/2016,154 292,17 341,26 413,475 250
Google,GOOGL,9/30/2016,159 948,14 323,25 845,535 596
Google,GOOGL,12/31/2016,167 497,16 756,28 461,533 540
Google,GOOGL,3/31/2017,172 756,15 256,27 807,574 173
Google,GOOGL,6/30/2017,178 621,18 685,30 335,629 686
Google,GOOGL,9/30/2017,189 536,20 693,32 436,666 443
Google,GOOGL,12/31/2017,197 295,24 183,44 793,727 021
Google,GOOGL,3/31/2018,206 935,25 394,46 110,717 044
Google,GOOGL,6/30/2018,211 610,29 903,49 610,776 397
Google,GOOGL,9/30/2018,221 538,31 301,51 698,830 555
Google,GOOGL,12/31/2018,232 792,34 620,55 164,720 318
Google,GOOGL,3/31/2019,245 349,34 910,61 877,815 257
Google,GOOGL,6/30/2019,257 101,37 000,64 909,750 268
Google,GOOGL,9/30/2019,263 044,39 224,68 075,842 214
Google,GOOGL,12/31/2019,275 909,45 221,74 467,920 304
Google,GOOGL,3/31/2020,273 403,40 189,69 744,795 323
Google,GOOGL,6/30/2020,278 492,43 658,71 170,962 966
Google,GOOGL,9/30/2020,299 243,48 200,86 323,995 983
Google,GOOGL,12/31/2020,319 616,56 834,97 072,1 182 850
Google,GOOGL,3/31/2021,327 095,55 453,97 082,1 388 230
Google,GOOGL,6/30/2021,335 387,55 741,97 822,1 673 370
Google,GOOGL,9/30/2021,347 403,61 782,102 836,1 771 640
Google,GOOGL,12/31/2021,359 268,64 254,107 633,1 915 910
Google,GOOGL,3/31/2022,357 096,61 948,103 092,1 839 930
Google,GOOGL,6/30/2022,355 185,61 354,99 766,1 430 340
Google,GOOGL,9/30/2022,358 255,65 979,104 629,1 247 160
Google,GOOGL,12/31/2022,365 264,69 300,109 120,1 140 090
Google,GOOGL,3/31/2023,369 491,68 854,108 597,1 323 090
Google,GOOGL,6/30/2023,383 044,77 709,115 903,1 527 730
Google,GOOGL,9/30/2023,396 711,86 295,123 509,1 653 530
Google,GOOGL,12/31/2023,402 392,81 814,119 013,1 755 990
Google,GOOGL,3/31/2024,407 350,76 997,114 506,1 885 130
Google,GOOGL,6/30/2024,414 770,77 913,114 017,2 260 100
Google,GOOGL,9/30/2024,430 266,80 803,116 147,2 050 420
Google,GOOGL,12/31/2024,450 256,89 122,125 172,2 325 460
Google,GOOGL,3/31/2025,475 374,91 654,130 107,1 898 980
Google,GOOGL,6/30/2025,502 053,87 310,139 137,2 147 130
Google,GOOGL,9/30/2025,536 469,99 550,149 602,2 941 350
Google,GOOGL,12/31/2025,595 281,102 745,180 016,3 793 210
Google,GOOGL,3/31/2026,703 919,111 188,225 173,3 475 600
Nvidia,NVDA,1/25/2015,7 201,896,2 783,11 285
Nvidia,NVDA,4/26/2015,7 291,883,2 735,12 113
Nvidia,NVDA,7/26/2015,6 979,936,2 794,10 448
Nvidia,NVDA,10/25/2015,7 174,855,2 709,15 410
Nvidia,NVDA,1/31/2016,7 370,2 351,2 814,15 787
Nvidia,NVDA,5/1/2016,7 108,2 377,2 833,19 257
Nvidia,NVDA,7/31/2016,7 461,2 407,2 909,30 545
Nvidia,NVDA,10/30/2016,9 612,2 041,4 243,37 664
Nvidia,NVDA,1/29/2017,9 841,1 788,4 048,65 286
Nvidia,NVDA,4/30/2017,9 410,983,3 271,61 492
Nvidia,NVDA,7/30/2017,9 402,1 032,3 427,97 818
Nvidia,NVDA,10/29/2017,9 830,1 027,3 477,121 200
Nvidia,NVDA,1/28/2018,11 241,1 153,3 770,147 379
Nvidia,NVDA,4/29/2018,11 460,1 106,3 743,137 425
Nvidia,NVDA,7/29/2018,12 882,1 462,4 087,153 216
Nvidia,NVDA,10/28/2018,13 657,1 608,4 182,121 222
Nvidia,NVDA,1/27/2019,13 292,1 329,3 950,96 960
Nvidia,NVDA,4/28/2019,14 021,1 183,4 317,108 402
Nvidia,NVDA,7/28/2019,14 775,1 317,4 439,106 697
Nvidia,NVDA,10/27/2019,15 810,1 475,4 596,125 093
Nvidia,NVDA,1/26/2020,17 315,1 784,5 111,153 245
Nvidia,NVDA,4/26/2020,23 254,1 903,10 155,178 104
Nvidia,NVDA,7/26/2020,25 180,2 410,11 266,251 489
Nvidia,NVDA,10/25/2020,26 881,3 669,11 547,336 488
Nvidia,NVDA,1/31/2021,28 791,3 925,11 898,322 152
Nvidia,NVDA,5/2/2021,30 796,4 004,12 022,374 049
Nvidia,NVDA,8/1/2021,38 650,4 448,17 503,486 720
Nvidia,NVDA,10/31/2021,40 632,3 612,16 834,639 761
Nvidia,NVDA,1/30/2022,44 187,4 335,17 575,572 827
Nvidia,NVDA,5/1/2022,45 212,5 562,18 892,464 492
Nvidia,NVDA,7/31/2022,43 476,7 573,19 625,452 002
Nvidia,NVDA,10/30/2022,40 488,6 855,19 139,341 324
Nvidia,NVDA,1/29/2023,41 182,6 563,19 081,502 078
Nvidia,NVDA,4/30/2023,44 460,7 260,19 940,686 258
Nvidia,NVDA,7/30/2023,49 555,10 334,22 054,1 154 260
Nvidia,NVDA,10/29/2023,54 148,9 101,20 883,998 730
Nvidia,NVDA,1/28/2024,65 728,10 631,22 750,1 503 780
Nvidia,NVDA,4/28/2024,77 072,15 223,27 930,2 157 530
Nvidia,NVDA,7/28/2024,85 227,13 969,27 070,2 776 980
Nvidia,NVDA,10/27/2024,96 013,16 479,30 114,3 468 860
Nvidia,NVDA,1/26/2025,111 601,18 047,32 274,3 490 910
Nvidia,NVDA,4/27/2025,125 254,26 542,41 411,2 707 310
Nvidia,NVDA,7/27/2025,140 740,24 257,40 609,4 224 200
Nvidia,NVDA,10/26/2025,161 148,26 075,42 251,4 527 050
Nvidia,NVDA,1/25/2026,206 803,32 163,49 510,4 561 130
Nvidia,NVDA,4/26/2026,259 474,43 884,64 000,5 044 510
Apple,AAPL,3/28/2015,261 194,58 729,132 188,710 143
Apple,AAPL,6/27/2015,273 151,65 285,147 474,723 217
Apple,AAPL,9/26/2015,290 345,80 610,170 990,639 995
Apple,AAPL,12/26/2015,293 284,76 092,165 017,599 026
Apple,AAPL,3/26/2016,305 277,68 265,174 820,578 962
Apple,AAPL,6/25/2016,305 602,71 486,179 061,503 722
Apple,AAPL,9/24/2016,321 686,79 006,193 437,601 493
Apple,AAPL,12/31/2016,331 141,84 130,198 751,608 788
Apple,AAPL,4/1/2017,334 532,73 342,200 450,747 971
Apple,AAPL,7/1/2017,345 173,81 302,212 748,744 655
Apple,AAPL,9/30/2017,375 319,100 814,241 272,790 050
Apple,AAPL,12/30/2017,406 794,115 788,266 595,860 019
Apple,AAPL,3/31/2018,367 502,89 320,240 624,829 483
Apple,AAPL,6/30/2018,349 197,88 548,234 248,896 521
Apple,AAPL,9/29/2018,365 725,115 929,258 578,1 073 490
Apple,AAPL,12/29/2018,373 719,108 283,255 827,738 984
Apple,AAPL,3/30/2019,341 998,93 772,236 138,875 200
Apple,AAPL,6/29/2019,322 239,89 704,225 783,896 854
Apple,AAPL,9/28/2019,338 516,105 718,248 028,972 358
Apple,AAPL,12/28/2019,340 618,102 161,251 087,1 270 760
Apple,AAPL,3/28/2020,320 400,96 094,241 975,1 071 310
Apple,AAPL,6/27/2020,317 344,95 318,245 062,1 514 970
Apple,AAPL,9/26/2020,323 888,105 392,258 549,1 906 150
Apple,AAPL,12/26/2020,354 054,132 507,287 830,2 220 170
Apple,AAPL,3/27/2021,337 158,106 385,267 980,2 022 550
Apple,AAPL,6/26/2021,329 840,107 754,265 560,2 203 890
Apple,AAPL,9/25/2021,351 002,125 481,287 912,2 413 420
Apple,AAPL,12/25/2021,381 191,147 574,309 259,2 880 570
Apple,AAPL,3/26/2022,350 662,127 508,283 263,2 831 790
Apple,AAPL,6/25/2022,336 309,129 873,278 202,2 280 070
Apple,AAPL,9/24/2022,352 755,153 982,302 083,2 398 370
Apple,AAPL,12/31/2022,346 747,137 286,290 020,2 058 400
Apple,AAPL,4/1/2023,332 160,120 075,270 002,2 592 790
Apple,AAPL,7/1/2023,335 038,124 963,274 764,3 035 220
Apple,AAPL,9/30/2023,352 583,145 308,290 437,2 662 330
Apple,AAPL,12/30/2023,353 514,133 973,279 414,2 976 560
Apple,AAPL,3/30/2024,337 411,123 822,263 217,2 630 110
Apple,AAPL,6/29/2024,331 612,131 624,264 904,3 206 110
Apple,AAPL,9/28/2024,364 980,176 392,308 030,3 443 450
Apple,AAPL,12/28/2024,344 085,144 365,277 327,3 844 260
Apple,AAPL,3/29/2025,331 233,144 571,264 437,3 255 280
Apple,AAPL,6/28/2025,331 495,141 120,265 665,2 987 390
Apple,AAPL,9/27/2025,359 241,165 631,285 508,3 773 980
Apple,AAPL,12/27/2025,379 297,162 367,291 107,4 019 720
Apple,AAPL,3/28/2026,371 082,134 641,264 591,3 649 320
Amazon,AMZN,3/31/2015,50 075,23 177,39 202,173 445
Amazon,AMZN,6/30/2015,52 440,23 912,40 672,203 112
Amazon,AMZN,9/30/2015,56 230,26 657,43 800,240 034
Amazon,AMZN,12/31/2015,64 747,33 887,51 363,318 302
Amazon,AMZN,3/31/2016,61 128,28 187,46 372,280 179
Amazon,AMZN,6/30/2016,65 076,29 587,48 538,339 194
Amazon,AMZN,9/30/2016,70 897,33 498,53 115,397 765
Amazon,AMZN,12/31/2016,83 402,43 816,64 117,357 655
Amazon,AMZN,3/31/2017,80 969,37 399,59 295,423 795
Amazon,AMZN,6/30/2017,87 781,40 520,64 567,464 640
Amazon,AMZN,9/30/2017,115 267,47 072,90 609,463 395
Amazon,AMZN,12/31/2017,131 310,57 883,103 601,565 990
Amazon,AMZN,3/31/2018,126 362,48 045,94 899,701 989
Amazon,AMZN,6/30/2018,134 100,50 801,99 105,827 803
Amazon,AMZN,9/30/2018,143 695,55 324,104 570,979 467
Amazon,AMZN,12/31/2018,162 648,68 391,119 099,737 482
Amazon,AMZN,3/31/2019,178 102,63 695,129 692,876 154
Amazon,AMZN,6/30/2019,191 351,69 678,138 290,935 438
Amazon,AMZN,9/30/2019,199 099,72 136,142 591,859 320
Amazon,AMZN,12/31/2019,225 248,87 812,163 188,920 204
Amazon,AMZN,3/31/2020,221 238,79 711,155 966,972 950
Amazon,AMZN,6/30/2020,258 314,93 896,184 586,1 382 160
Amazon,AMZN,9/30/2020,282 179,101 912,199 404,1 580 700
Amazon,AMZN,12/31/2020,321 195,126 385,227 791,1 639 250
Amazon,AMZN,3/31/2021,323 077,115 404,219 757,1 559 380
Amazon,AMZN,6/30/2021,360 319,117 792,245 516,1 740 740
Amazon,AMZN,9/30/2021,382 406,123 994,261 842,1 665 500
Amazon,AMZN,12/31/2021,420 549,142 266,282 304,1 696 380
Amazon,AMZN,3/31/2022,410 767,139 508,276 766,1 659 340
Amazon,AMZN,6/30/2022,419 728,140 291,288 326,1 081 540
Amazon,AMZN,9/30/2022,428 362,140 363,290 873,1 152 370
Amazon,AMZN,12/31/2022,462 675,155 393,316 632,860 328
Amazon,AMZN,3/31/2023,464 378,147 570,309 852,1 059 550
Amazon,AMZN,6/30/2023,477 607,148 238,309 005,1 344 400
Amazon,AMZN,9/30/2023,486 883,145 214,303 910,1 313 150
Amazon,AMZN,12/31/2023,527 854,164 917,325 979,1 577 590
Amazon,AMZN,3/31/2024,530 969,152 965,314 308,1 876 490
Amazon,AMZN,6/30/2024,554 818,158 172,318 371,2 027 190
Amazon,AMZN,9/30/2024,584 626,161 477,325 475,1 958 510
Amazon,AMZN,12/31/2024,624 894,179 431,338 924,2 324 000
Amazon,AMZN,3/31/2025,643 256,176 171,337 389,2 019 230
Amazon,AMZN,6/30/2025,682 170,186 921,348 395,2 338 700
Amazon,AMZN,9/30/2025,727 921,195 196,358 290,2 341 690
Amazon,AMZN,12/31/2025,818 042,218 005,406 977,2 476 930
Amazon,AMZN,3/31/2026,916 630,216 756,474 716,2 239 740
Microsoft,MSFT,3/31/2015,176 683,40 748,86 551,329 875
Microsoft,MSFT,6/30/2015,174 472,49 647,94 389,354 392
Microsoft,MSFT,9/30/2015,172 896,49 399,95 451,353 460
Microsoft,MSFT,12/31/2015,180 098,42 643,103 318,439 679
Microsoft,MSFT,3/31/2016,181 869,44 354,107 063,434 660
Microsoft,MSFT,6/30/2016,193 468,59 357,121 471,399 535
Microsoft,MSFT,9/30/2016,212 524,58 810,142 152,448 358
Microsoft,MSFT,12/31/2016,224 610,70 787,155 801,480 342
Microsoft,MSFT,3/31/2017,225 017,52 005,155 288,508 637
Microsoft,MSFT,6/30/2017,250 312,55 745,162 601,531 312
Microsoft,MSFT,9/30/2017,249 097,51 615,159 450,575 063
Microsoft,MSFT,12/31/2017,256 003,58 099,177 643,659 086
Microsoft,MSFT,3/31/2018,245 497,46 133,166 258,701 866
Microsoft,MSFT,6/30/2018,258 848,58 488,176 130,757 029
Microsoft,MSFT,9/30/2018,257 619,56 277,171 652,878 362
Microsoft,MSFT,12/31/2018,258 859,50 318,166 731,780 362
Microsoft,MSFT,3/31/2019,263 281,53 861,168 417,904 128
Microsoft,MSFT,6/30/2019,286 556,69 420,184 226,1 023 860
Microsoft,MSFT,9/30/2019,278 955,58 118,172 894,1 061 360
Microsoft,MSFT,12/31/2019,282 794,59 640,172 685,1 200 250
Microsoft,MSFT,3/31/2020,285 449,58 707,170 948,1 197 020
Microsoft,MSFT,6/30/2020,301 311,72 310,183 007,1 540 770
Microsoft,MSFT,9/30/2020,301 001,70 056,177 609,1 590 940
Microsoft,MSFT,12/31/2020,304 137,67 486,173 901,1 678 380
Microsoft,MSFT,3/31/2021,308 879,72 193,174 374,1 776 290
Microsoft,MSFT,6/30/2021,333 779,88 657,191 791,2 036 900
Microsoft,MSFT,9/30/2021,335 418,80 528,183 440,2 117 220
Microsoft,MSFT,12/31/2021,340 389,77 510,180 379,2 522 400
Microsoft,MSFT,3/31/2022,344 607,77 439,181 683,2 307 080
Microsoft,MSFT,6/30/2022,364 840,95 082,198 298,1 916 980
Microsoft,MSFT,9/30/2022,359 784,87 389,186 218,1 736 740
Microsoft,MSFT,12/31/2022,364 552,81 718,181 416,1 785 940
Microsoft,MSFT,3/31/2023,380 088,85 691,185 405,2 144 090
Microsoft,MSFT,6/30/2023,411 976,104 149,205 753,2 530 890
Microsoft,MSFT,9/30/2023,445 785,124 792,225 071,2 346 340
Microsoft,MSFT,12/31/2023,470 558,121 016,232 290,2 794 730
Microsoft,MSFT,3/31/2024,484 275,118 525,231 123,3 127 210
Microsoft,MSFT,6/30/2024,512 163,125 286,243 686,3 322 630
Microsoft,MSFT,9/30/2024,523 013,115 200,235 290,3 199 710
Microsoft,MSFT,12/31/2024,533 898,108 882,231 203,3 133 850
Microsoft,MSFT,3/31/2025,562 624,114 206,240 733,2 790 650
Microsoft,MSFT,6/30/2025,619 003,141 218,275 524,3 697 750
Microsoft,MSFT,9/30/2025,636 351,134 996,273 275,3 850 440
Microsoft,MSFT,12/31/2025,665 302,130 005,274 427,3 592 810
Microsoft,MSFT,3/31/2026,694 228,136 661,279 861,2 749 990
Meta,META,3/31/2015,42 007,1 746,4 506,230 709
Meta,META,6/30/2015,44 130,1 881,4 678,241 357
Meta,META,9/30/2015,46 469,1 792,5 049,254 057
Meta,META,12/31/2015,49 407,1 925,5 189,297 758
Meta,META,3/31/2016,52 075,1 809,4 925,326 326
Meta,META,6/30/2016,55 739,2 211,5 356,327 984
Meta,META,9/30/2016,59 674,2 595,5 559,369 674
Meta,META,12/31/2016,64 961,2 875,5 767,332 725
Meta,META,3/31/2017,68 714,2 928,6 526,411 661
Meta,META,6/30/2017,73 843,3 315,7 362,438 295
Meta,META,9/30/2017,78 998,3 305,7 790,496 548
Meta,META,12/31/2017,84 524,3 760,10 177,512 793
Meta,META,3/31/2018,88 945,5 086,11 325,463 711
Meta,META,6/30/2018,90 291,4 670,10 909,561 779
Meta,META,9/30/2018,92 452,5 462,12 110,472 494
Meta,META,12/31/2018,97 334,7 017,13 207,374 131
Meta,META,3/31/2019,109 477,9 908,22 961,476 067
Meta,META,6/30/2019,117 006,12 979,28 244,550 822
Meta,META,9/30/2019,124 418,13 328,30 419,508 240
Meta,META,12/31/2019,133 376,15 053,32 322,585 373
Meta,META,3/31/2020,138 371,15 069,33 067,475 547
Meta,META,6/30/2020,139 691,11 308,29 244,647 150
Meta,META,9/30/2020,146 437,11 944,28 706,746 415
Meta,META,12/31/2020,159 316,14 981,31 026,778 233
Meta,META,3/31/2021,163 523,12 717,29 866,836 760
Meta,META,6/30/2021,170 609,14 874,32 382,982 628
Meta,META,9/30/2021,169 585,17 812,36 225,947 916
Meta,META,12/31/2021,165 987,21 135,41 108,921 935
Meta,META,3/31/2022,164 218,21 086,40 990,603 485
Meta,META,6/30/2022,169 779,22 217,44 012,434 891
Meta,META,9/30/2022,178 894,22 687,54 800,361 587
Meta,META,12/31/2022,185 727,27 026,60 014,314 569
Meta,META,3/31/2023,184 491,25 381,59 696,543 838
Meta,META,6/30/2023,206 688,29 921,72 655,738 400
Meta,META,9/30/2023,216 274,30 531,73 401,771 840
Meta,META,12/31/2023,229 623,31 960,76 455,906 492
Meta,META,3/31/2024,222 844,28 101,73 315,1 231 920
Meta,META,6/30/2024,230 238,27 004,73 475,1 277 190
Meta,META,9/30/2024,256 408,33 330,91 879,1 444 840
Meta,META,12/31/2024,276 054,33 596,93 417,1 483 680
Meta,META,3/31/2025,280 213,33 890,95 184,1 454 160
Meta,META,6/30/2025,294 744,37 305,99 674,1 857 030
Meta,META,9/30/2025,303 844,36 958,109 778,1 851 370
Meta,META,12/31/2025,366 021,41 836,148 778,1 670 030
Meta,META,3/31/2026,395 250,46 753,151 569,1 452 070
